"","CHROM","POS","ID","REF","ALT","OR","P","GENE_NAME","DISTANCE"
"1",16,78115058,"rs79028160","G","C",2.38785,2.0389e-07,"CLEC3A",14399
"2",20,58708298,"rs116882413","T","C",2.80618,1.79019e-06,"RP5-1043L13.1",0
"3",12,10622175,"rs77071066","C","T",2.51382,4.76315e-06,"KLRC1",14890
"4",12,109057112,"rs117865607","C","T",1.80535,4.9944e-06,"CORO1C",0
"5",1,90789807,"rs4281314","A","G",0.66989,6.44208e-06,"RNU6-695P",70689
"6",2,49696714,"rs76906755","C","T",1.70475,6.59733e-06,"RNU6-439P",235675
"7",12,115376627,"rs73210608","G","A",1.60249,9.48562e-06,"RP11-25E2.1",138502
